USE BD_DSWI
GO

INSERT INTO TBDISTRITO VALUES('DIS01','ATE')
INSERT INTO TBDISTRITO VALUES('DIS02','BARRANCO')
INSERT INTO TBDISTRITO VALUES('DIS03','BREÑA')
INSERT INTO TBDISTRITO VALUES('DIS04','CALLAO')
INSERT INTO TBDISTRITO VALUES('DIS05','CERCADO DE LIMA')
INSERT INTO TBDISTRITO VALUES('DIS06','CHORRILLOS')
INSERT INTO TBDISTRITO VALUES('DIS07','COMAS')
INSERT INTO TBDISTRITO VALUES('DIS08','EL AGUSTINO')
INSERT INTO TBDISTRITO VALUES('DIS09','INDEPENDENCIA')
INSERT INTO TBDISTRITO VALUES('DIS10','JESÚS MARÍA')
INSERT INTO TBDISTRITO VALUES('DIS11','LA MOLINA')
INSERT INTO TBDISTRITO VALUES('DIS12','LA VICTORIA')
INSERT INTO TBDISTRITO VALUES('DIS13','LINCE')
INSERT INTO TBDISTRITO VALUES('DIS14','MAGDALENA DEL MAR')
INSERT INTO TBDISTRITO VALUES('DIS15','MIRAFLORES')
INSERT INTO TBDISTRITO VALUES('DIS16','PUEBLO LIBRE')
INSERT INTO TBDISTRITO VALUES('DIS17','PUENTE PIEDRA')
INSERT INTO TBDISTRITO VALUES('DIS18','RÍMAC')
INSERT INTO TBDISTRITO VALUES('DIS19','SAN BORJA')
INSERT INTO TBDISTRITO VALUES('DIS20','SAN ISIDRO')
INSERT INTO TBDISTRITO VALUES('DIS21','SAN JUAN DE LURIGANCHO')
INSERT INTO TBDISTRITO VALUES('DIS22','SAN JUAN DE MIRAFLORES')
INSERT INTO TBDISTRITO VALUES('DIS23','SAN LUIS')
INSERT INTO TBDISTRITO VALUES('DIS24','SAN MARTÍN DE PORRES')
INSERT INTO TBDISTRITO VALUES('DIS25','SAN MIGUEL')
INSERT INTO TBDISTRITO VALUES('DIS26','SANTA ANITA')
INSERT INTO TBDISTRITO VALUES('DIS27','SANTA ROSA')
INSERT INTO TBDISTRITO VALUES('DIS28','SANTIAGO DE SURCO')
INSERT INTO TBDISTRITO VALUES('DIS29','SURQUILLO')
INSERT INTO TBDISTRITO VALUES('DIS30','VENTANILLA')
INSERT INTO TBDISTRITO VALUES('DIS31','VILLA EL SALVADOR')
INSERT INTO TBDISTRITO VALUES('DIS32','VILLA MARIA DEL TRIUNFO')
INSERT INTO TBDISTRITO VALUES('DIS33','VENTANILLA')
GO

INSERT INTO TBCLIENTES (CODCLI,NOMCLI,CODDIS,DIRECCION,DNI,EMAIL,CELULAR) 
VALUES('C0001','ROSABELLE ROCK','DIS21','Calle Falsa N° 576','63923825','rbock0@wix.com','491220403')
INSERT INTO TBCLIENTES (CODCLI,NOMCLI,CODDIS,DIRECCION,DNI,EMAIL,CELULAR) 
VALUES('C0002','DIONYSUS SCARFF','DIS31','Calle Falsa N° 756','32372427','dscarff1@people.com.cn','763957211')
INSERT INTO TBCLIENTES (CODCLI,NOMCLI,CODDIS,DIRECCION,DNI,EMAIL,CELULAR) 
VALUES('C0003','LAVENA FURMONGER','DIS13','Calle Falsa N° 876','96321054','lfurmonger2@gnu.org','612693673')
INSERT INTO TBCLIENTES (CODCLI,NOMCLI,CODDIS,DIRECCION,DNI,EMAIL,CELULAR) 
VALUES('C0004','CHERYE MOYNIHAN','DIS08','Calle Falsa N° 276','15889102','cmoynihan3@multiply.com','318824718')
INSERT INTO TBCLIENTES (CODCLI,NOMCLI,CODDIS,DIRECCION,DNI,EMAIL,CELULAR) 
VALUES('C0005','BERNARD REDDY','DIS03','Calle Falsa N° 176','88731969','breddy4@wordpress.com','765862835')
INSERT INTO TBCLIENTES (CODCLI,NOMCLI,CODDIS,DIRECCION,DNI,EMAIL,CELULAR) 
VALUES('C0006','MALLORIE VERBEKE','DIS21','Calle Falsa N° 1576','91199918','mverbeke5@angelfire.com','462920686')
INSERT INTO TBCLIENTES (CODCLI,NOMCLI,CODDIS,DIRECCION,DNI,EMAIL,CELULAR) 
VALUES('C0007','AILA BERISFORD','DIS21','Calle Falsa N° 2576','08792916','aberisford6@360.cn','931186493')
INSERT INTO TBCLIENTES (CODCLI,NOMCLI,CODDIS,DIRECCION,DNI,EMAIL,CELULAR) 
VALUES('C0008','MORTIE RAGG','DIS03','Calle Falsa N° 1275','24126232','mragg7@senate.gov','259541914')
INSERT INTO TBCLIENTES (CODCLI,NOMCLI,CODDIS,DIRECCION,DNI,EMAIL,CELULAR) 
VALUES('C0009','DANETTE WIDDOWFIELD','DIS13','Calle Falsa N° 1078','43807915','dwiddowfield8@mozilla.com','494962259')
INSERT INTO TBCLIENTES (CODCLI,NOMCLI,CODDIS,DIRECCION,DNI,EMAIL,CELULAR) 
VALUES('C0010','DAME BENTICK','DIS13','Calle Falsa N° 128','81029241','dbentick9@skyrock.com','33560324')
INSERT INTO TBCLIENTES (CODCLI,NOMCLI,CODDIS,DIRECCION,DNI,EMAIL,CELULAR) 
VALUES('C0011','JAIME THUILLIER','DIS08','Calle Falsa N° 2047','60391455','jthuilliera@storify.com','345085725')
INSERT INTO TBCLIENTES (CODCLI,NOMCLI,CODDIS,DIRECCION,DNI,EMAIL,CELULAR) 
VALUES('C0012','INGLEBERT PURVES','DIS08','Calle Falsa N° 1475','41583678','ipurvesb@elpais.com','670729899')
INSERT INTO TBCLIENTES (CODCLI,NOMCLI,CODDIS,DIRECCION,DNI,EMAIL,CELULAR) 
VALUES('C0013','MICHAELA LAUCHLAN','DIS31','Calle Falsa N° 1075','86403525','mlauchlanc@g.co','654758308')
INSERT INTO TBCLIENTES (CODCLI,NOMCLI,CODDIS,DIRECCION,DNI,EMAIL,CELULAR) 
VALUES('C0014','GILLI SMEDMOOR','DIS31','Calle Falsa N° 348','82667635','gsmedmoord@furl.net','410512285')
INSERT INTO TBCLIENTES (CODCLI,NOMCLI,CODDIS,DIRECCION,DNI,EMAIL,CELULAR) 
VALUES('C0015','ZSAZSA SAMWYSE','DIS03','Calle Falsa N° 674','38646321','zsamwysee@i2i.jp','306284922')
INSERT INTO TBCLIENTES (CODCLI,NOMCLI,CODDIS,DIRECCION,DNI,EMAIL,CELULAR) 
VALUES('C0016','WOLF O HEAGERTIE','DIS31','Calle Falsa N° 946','51671016','woheagertief@homestead.com','377977033')
INSERT INTO TBCLIENTES (CODCLI,NOMCLI,CODDIS,DIRECCION,DNI,EMAIL,CELULAR) 
VALUES('C0017','ROANNE CRANMER','DIS13','Calle Falsa N° 875','68274659','rcranmerg@timesonline.co.uk','496397975')
INSERT INTO TBCLIENTES (CODCLI,NOMCLI,CODDIS,DIRECCION,DNI,EMAIL,CELULAR) 
VALUES('C0018','MARGEAUX AISTON','DIS21','Calle Falsa N° 486','82288738','maistonh@mapquest.com','403896923')
INSERT INTO TBCLIENTES (CODCLI,NOMCLI,CODDIS,DIRECCION,DNI,EMAIL,CELULAR) 
VALUES('C0019','COINTON FIDDLER','DIS21','Calle Falsa N° 375','57348018','cfiddleri@spotify.com','305858563')
INSERT INTO TBCLIENTES (CODCLI,NOMCLI,CODDIS,DIRECCION,DNI,EMAIL,CELULAR) 
VALUES('C0020','MERWIN NELHAMS','DIS13','Calle Falsa N° 276','04593732','mnelhamsj@arizona.edu','612789815')
GO


INSERT INTO TBCARGO VALUES ('CAR01','PASTELERO(A)')
INSERT INTO TBCARGO VALUES ('CAR02','PANADERO(A)')
INSERT INTO TBCARGO VALUES ('CAR03','AYUDANTE')
INSERT INTO TBCARGO VALUES ('CAR04','VENDEDOR(A)')
INSERT INTO TBCARGO VALUES ('CAR05','CAJERO(A)')
INSERT INTO TBCARGO VALUES ('CAR06','TRANSPORTISTA')
GO

INSERT INTO TBEMPLEADOS (CODEMP,NOMEMP,CODDIS,DIRECCION,DNI,TURNO,CELULAR,FEC_ING,CODCARGO) VALUES ('E0001','SALUSTIO PARTIDA GALIPIENZO','DIS03','CALLE FALSA N° 124','48417543','N','822714239',SYSDATETIME(),'CAR01')
INSERT INTO TBEMPLEADOS (CODEMP,NOMEMP,CODDIS,DIRECCION,DNI,TURNO,CELULAR,FEC_ING,CODCARGO) VALUES('E0002','NICANOR BLACIO MANSSOURI','DIS13','CALLE FALSA N° 473','85500830','N','859247268',SYSDATETIME(),'CAR02')
INSERT INTO TBEMPLEADOS (CODEMP,NOMEMP,CODDIS,DIRECCION,DNI,TURNO,CELULAR,FEC_ING,CODCARGO) VALUES('E0003','EMILIANO HERNAN BECERRA NACU','DIS11','CALLE FALSA N° 578','27057444','N','635161660',SYSDATETIME(),'CAR04')
INSERT INTO TBEMPLEADOS (CODEMP,NOMEMP,CODDIS,DIRECCION,DNI,TURNO,CELULAR,FEC_ING,CODCARGO) VALUES('E0004','HERNAN PARRCET SEGOVIA','DIS03','CALLE FALSA N° 675','89923521','N','648665274',SYSDATETIME(),'CAR05')
INSERT INTO TBEMPLEADOS (CODEMP,NOMEMP,CODDIS,DIRECCION,DNI,TURNO,CELULAR,FEC_ING,CODCARGO) VALUES('E0005','EMANUEL PUIG LOGAN','DIS13','CALLE FALSA N° 670','82559314','N','710345365',SYSDATETIME(),'CAR06')
INSERT INTO TBEMPLEADOS (CODEMP,NOMEMP,CODDIS,DIRECCION,DNI,TURNO,CELULAR,FEC_ING,CODCARGO) VALUES('E0006','ALEX FABRICIO SUMMERS LLANTADA','DIS11','CALLE FALSA N° 975','37124402','M','758496983',SYSDATETIME(),'CAR01')
INSERT INTO TBEMPLEADOS (CODEMP,NOMEMP,CODDIS,DIRECCION,DNI,TURNO,CELULAR,FEC_ING,CODCARGO) VALUES('E0007','SALOMON BAILADOR CACHADIÑA','DIS03','CALLE FALSA N° 348','31700426','M','745657313',SYSDATETIME(),'CAR02')
INSERT INTO TBEMPLEADOS (CODEMP,NOMEMP,CODDIS,DIRECCION,DNI,TURNO,CELULAR,FEC_ING,CODCARGO) VALUES('E0008','SEVERINO CAMPOS PUENTE','DIS11','CALLE FALSA N° 791','83068399','M','622731177',SYSDATETIME(),'CAR04')
INSERT INTO TBEMPLEADOS (CODEMP,NOMEMP,CODDIS,DIRECCION,DNI,TURNO,CELULAR,FEC_ING,CODCARGO) VALUES('E0009','VIDAL ROLDAN CUTRINA','DIS13','CALLE FALSA N° 1045','03594515','M','630486970',SYSDATETIME(),'CAR05')
INSERT INTO TBEMPLEADOS (CODEMP,NOMEMP,CODDIS,DIRECCION,DNI,TURNO,CELULAR,FEC_ING,CODCARGO) VALUES('E0010','ALAN MANCERO VIERA','DIS03','CALLE FALSA N° 1240','85810230','M','710221576',SYSDATETIME(),'CAR06')
GO


INSERT INTO TBTIPO VALUES ('TIP01','PANES')
INSERT INTO TBTIPO VALUES ('TIP02','PASTELES')
INSERT INTO TBTIPO VALUES ('TIP03','TORTAS')
GO

--https://www.wong.pe/comidas-y-pasteleria/pasteleria/pasteles-salados-y-sandwiches

INSERT INTO TBPRODUCTO VALUES ('P0001','BAGUETTE',100,3.50,'TIP01','NO')
INSERT INTO TBPRODUCTO VALUES ('P0002','PAN DE MOLDE',100,5.50,'TIP01','NO')
INSERT INTO TBPRODUCTO VALUES ('P0003','PAN CHAPLA',100,0.30,'TIP01','NO')
INSERT INTO TBPRODUCTO VALUES ('P0004','PAN FRANCES',100,0.25,'TIP01','NO')
INSERT INTO TBPRODUCTO VALUES ('P0005','ALFAJOR DE CHOCOLATE',100,2.80,'TIP01','NO')
INSERT INTO TBPRODUCTO VALUES ('P0006','ALFAJOR DE MAICENA',100,3.30,'TIP02','NO')
INSERT INTO TBPRODUCTO VALUES ('P0007','TARTALETA DE FRESA',100,5.50,'TIP02','NO')
INSERT INTO TBPRODUCTO VALUES ('P0008','SELVA NEGRA',100,3.50,'TIP02','NO')
INSERT INTO TBPRODUCTO VALUES ('P0009','PASTEL DE JAMON Y QUESO',100,34.90,'TIP02','NO')
INSERT INTO TBPRODUCTO VALUES ('P0010','SANDWICH TRIPLE JAMON,QUESO,HUEVO',100,5.40,'TIP02','NO')
INSERT INTO TBPRODUCTO VALUES ('P0011','SANDWICH DOBLE DE HUEVO Y TOCINO',100,5.50,'TIP02','NO')
INSERT INTO TBPRODUCTO VALUES ('P0012','PASTEL DE ACELGA',100,34.90,'TIP02','NO')
INSERT INTO TBPRODUCTO VALUES ('P0013','SANDWICH DOBLE DE ACEITUNA Y QUESO CREMA',100,5.50,'TIP02','NO')
INSERT INTO TBPRODUCTO VALUES ('P0014','SANDWICH TRIPLE DE POLLO TROPICAL',100,5.40,'TIP02','NO')
INSERT INTO TBPRODUCTO VALUES ('P0015','CHIFONCITO DE NARANJA',100,2.25,'TIP02','NO')
INSERT INTO TBPRODUCTO VALUES ('P0016','CHIFON DE NARANJA MOLDE ENTERO',100,17.50,'TIP02','NO')
INSERT INTO TBPRODUCTO VALUES ('P0017','CAKE DE MANZANA C/ CANELA MOLDE ENTERO',100,17.50,'TIP02','NO')
INSERT INTO TBPRODUCTO VALUES ('P0018','CHIFON MARMOLEADO MOLDE ENTERO',100,17.50,'TIP02','NO')
INSERT INTO TBPRODUCTO VALUES ('P0019','CAKE DE NARANJA MOLDE ENTERO',100,17.50,'TIP02','NO')
INSERT INTO TBPRODUCTO VALUES ('P0020','CAKE DE PLATANO C/ CHOCOCHIPS MOLDE ENTERO',100,17.50,'TIP02','NO')
INSERT INTO TBPRODUCTO VALUES ('P0021','CHIFONCITO MARMOLEADO',100,2.25,'TIP02','NO')
INSERT INTO TBPRODUCTO VALUES ('P0022','CAKE MARMOLEADO MOLDE ENTERO',100,17.50,'TIP02','NO')
INSERT INTO TBPRODUCTO VALUES ('P0023','CUPCAKE DE NUTELLA',100,6.70,'TIP02','NO')
INSERT INTO TBPRODUCTO VALUES ('P0024','CUPCAKE CHOCOLATE Y FRUTOS DEL BOSQUE',100,6.95,'TIP02','NO')
INSERT INTO TBPRODUCTO VALUES ('P0025','GALLETAS ARTESANALES SABORES SURTIDOS',100,20.90,'TIP02','NO')
INSERT INTO TBPRODUCTO VALUES ('P0026','BROWNIES DE CHOCOLATE',100,14.90,'TIP02','NO')
INSERT INTO TBPRODUCTO VALUES ('P0027','PIE DE MANZANA MOLDE ENTERO',100,18.00,'TIP02','NO')
INSERT INTO TBPRODUCTO VALUES ('P0028','PIE DE LIMON MOLDE ENTERO',100,18.00,'TIP02','NO')
INSERT INTO TBPRODUCTO VALUES ('P0029','TORTA DE CHOCOLATE PERUANO 10 PORCIONES',100,45.90,'TIP03','NO')
INSERT INTO TBPRODUCTO VALUES ('P0030','TORTA DELICIA DE FRESAS 12 PORCIONES',100,54.90,'TIP03','NO')
INSERT INTO TBPRODUCTO VALUES ('P0031','TIRAMISU 10 PORCIONES',100,54.50,'TIP03','NO')
INSERT INTO TBPRODUCTO VALUES ('P0032','MOUSSE DE LUCUMA 10 PORCIONES',100,49.90,'TIP03','NO')
INSERT INTO TBPRODUCTO VALUES ('P0033','TORTA DE CHIRIMOYA 10 PORCIONES',100,54.90,'TIP03','NO')
INSERT INTO TBPRODUCTO VALUES ('P0034','DULZURA DE LUCUMA Y PERA 8 PORCIONES',100,54.90,'TIP03','NO')
INSERT INTO TBPRODUCTO VALUES ('P0035','TORTA DE FRUTOS DEL BOSQUE 10 PORCIONES',100,42.90,'TIP03','NO')
INSERT INTO TBPRODUCTO VALUES ('P0036','CHEESECAKE SUSPIRO A LA LIMEÑA 10 PORCIONES',100,54.50,'TIP03','NO')
INSERT INTO TBPRODUCTO VALUES ('P0037','TRES LECHES DE LUCUMA 10 PORCIONES',100,36.50,'TIP03','NO')
INSERT INTO TBPRODUCTO VALUES ('P0038','TRES LECHES DE FRESA 10 PORCIONES',100,36.50,'TIP03','NO')
INSERT INTO TBPRODUCTO VALUES ('P0039','TRES LECHES DE CHOCOLATE 10 PORCIONES',100,36.50,'TIP03','NO')
INSERT INTO TBPRODUCTO VALUES ('P0040','CHEESECAKE HORNEADO DE SAUCO 10 PORCIONES',100,49.50,'TIP03','NO')
GO


